-- phpMyAdmin SQL Dump
-- version 5.0.3
-- https://www.phpmyadmin.net/
--
-- Host: localhost:3306
-- Erstellungszeit: 22. Jan 2021 um 09:08
-- Server-Version: 5.5.68-MariaDB
-- PHP-Version: 7.3.25

SET SQL_MODE = "NO_AUTO_VALUE_ON_ZERO";
START TRANSACTION;
SET time_zone = "+00:00";


/*!40101 SET @OLD_CHARACTER_SET_CLIENT=@@CHARACTER_SET_CLIENT */;
/*!40101 SET @OLD_CHARACTER_SET_RESULTS=@@CHARACTER_SET_RESULTS */;
/*!40101 SET @OLD_COLLATION_CONNECTION=@@COLLATION_CONNECTION */;
/*!40101 SET NAMES utf8mb4 */;

--
-- Datenbank: `schule-q2-6`
--

--
-- Daten für Tabelle `arbeitet_in`
--

INSERT INTO `arbeitet_in` (`fachkraft_id`, `zentrum_bezeichnung`) VALUES
(1, 'WorldCCBonn'),
(2, 'EMKA-Verbrauchermarkt'),
(3, 'WorldCCBonn'),
(4, 'WorldCCBonn'),
(5, 'Asklepios-Kinderklinik'),
(6, 'EMKA-Verbrauchermarkt'),
(7, 'WorldCCBonn'),
(8, 'Asklepios-Kinderklinik'),
(9, 'EMKA-Verbrauchermarkt'),
(10, 'EMKA-Verbrauchermarkt'),
(11, 'EMKA-Verbrauchermarkt'),
(12, 'Asklepios-Kinderklinik'),
(13, 'WorldCCBonn'),
(14, 'WorldCCBonn'),
(15, 'EMKA-Verbrauchermarkt'),
(16, 'EMKA-Verbrauchermarkt'),
(17, 'Asklepios-Kinderklinik'),
(18, 'WorldCCBonn'),
(19, 'EMKA-Verbrauchermarkt'),
(20, 'Asklepios-Kinderklinik'),
(21, 'WorldCCBonn'),
(22, 'WorldCCBonn'),
(23, 'WorldCCBonn'),
(24, 'Asklepios-Kinderklinik'),
(25, 'EMKA-Verbrauchermarkt'),
(26, 'EMKA-Verbrauchermarkt'),
(27, 'Asklepios-Kinderklinik'),
(28, 'Asklepios-Kinderklinik'),
(29, 'WorldCCBonn'),
(30, 'EMKA-Verbrauchermarkt'),
(31, 'WorldCCBonn'),
(32, 'WorldCCBonn'),
(33, 'EMKA-Verbrauchermarkt'),
(34, 'WorldCCBonn'),
(35, 'Asklepios-Kinderklinik'),
(36, 'Asklepios-Kinderklinik'),
(37, 'WorldCCBonn'),
(38, 'WorldCCBonn'),
(39, 'EMKA-Verbrauchermarkt'),
(40, 'EMKA-Verbrauchermarkt'),
(41, 'EMKA-Verbrauchermarkt'),
(42, 'Asklepios-Kinderklinik'),
(43, 'Asklepios-Kinderklinik'),
(44, 'EMKA-Verbrauchermarkt'),
(45, 'Asklepios-Kinderklinik'),
(46, 'EMKA-Verbrauchermarkt'),
(47, 'EMKA-Verbrauchermarkt'),
(48, 'EMKA-Verbrauchermarkt'),
(49, 'EMKA-Verbrauchermarkt'),
(50, 'EMKA-Verbrauchermarkt'),
(51, 'EMKA-Verbrauchermarkt'),
(52, 'Asklepios-Kinderklinik'),
(53, 'WorldCCBonn'),
(54, 'EMKA-Verbrauchermarkt'),
(55, 'WorldCCBonn'),
(56, 'EMKA-Verbrauchermarkt'),
(57, 'WorldCCBonn'),
(58, 'Asklepios-Kinderklinik'),
(59, 'Asklepios-Kinderklinik'),
(60, 'Asklepios-Kinderklinik'),
(61, 'EMKA-Verbrauchermarkt'),
(62, 'Asklepios-Kinderklinik'),
(63, 'EMKA-Verbrauchermarkt'),
(64, 'Asklepios-Kinderklinik'),
(65, 'WorldCCBonn'),
(66, 'Asklepios-Kinderklinik'),
(67, 'EMKA-Verbrauchermarkt'),
(68, 'EMKA-Verbrauchermarkt'),
(69, 'Asklepios-Kinderklinik'),
(70, 'Asklepios-Kinderklinik'),
(71, 'EMKA-Verbrauchermarkt'),
(72, 'Asklepios-Kinderklinik'),
(73, 'Asklepios-Kinderklinik'),
(74, 'Asklepios-Kinderklinik'),
(75, 'WorldCCBonn'),
(76, 'EMKA-Verbrauchermarkt'),
(77, 'EMKA-Verbrauchermarkt'),
(78, 'EMKA-Verbrauchermarkt'),
(79, 'EMKA-Verbrauchermarkt'),
(80, 'EMKA-Verbrauchermarkt'),
(81, 'EMKA-Verbrauchermarkt'),
(82, 'EMKA-Verbrauchermarkt'),
(83, 'Asklepios-Kinderklinik'),
(84, 'EMKA-Verbrauchermarkt'),
(85, 'WorldCCBonn'),
(86, 'WorldCCBonn'),
(87, 'WorldCCBonn'),
(88, 'WorldCCBonn'),
(89, 'Asklepios-Kinderklinik'),
(90, 'EMKA-Verbrauchermarkt'),
(91, 'Asklepios-Kinderklinik'),
(92, 'EMKA-Verbrauchermarkt'),
(93, 'WorldCCBonn'),
(94, 'WorldCCBonn'),
(95, 'WorldCCBonn'),
(96, 'EMKA-Verbrauchermarkt'),
(97, 'Asklepios-Kinderklinik'),
(98, 'Asklepios-Kinderklinik'),
(99, 'WorldCCBonn'),
(100, 'Asklepios-Kinderklinik'),
(101, 'WorldCCBonn'),
(102, 'WorldCCBonn'),
(103, 'WorldCCBonn'),
(104, 'EMKA-Verbrauchermarkt'),
(105, 'Asklepios-Kinderklinik'),
(106, 'WorldCCBonn'),
(107, 'Asklepios-Kinderklinik'),
(108, 'EMKA-Verbrauchermarkt'),
(109, 'EMKA-Verbrauchermarkt'),
(110, 'Asklepios-Kinderklinik'),
(111, 'EMKA-Verbrauchermarkt'),
(112, 'EMKA-Verbrauchermarkt'),
(113, 'Asklepios-Kinderklinik'),
(114, 'EMKA-Verbrauchermarkt'),
(115, 'Asklepios-Kinderklinik'),
(116, 'WorldCCBonn'),
(117, 'WorldCCBonn'),
(118, 'EMKA-Verbrauchermarkt'),
(119, 'Asklepios-Kinderklinik'),
(120, 'Asklepios-Kinderklinik'),
(121, 'Asklepios-Kinderklinik'),
(122, 'Asklepios-Kinderklinik'),
(123, 'EMKA-Verbrauchermarkt'),
(124, 'Asklepios-Kinderklinik'),
(125, 'WorldCCBonn'),
(126, 'WorldCCBonn'),
(127, 'EMKA-Verbrauchermarkt'),
(128, 'Asklepios-Kinderklinik'),
(129, 'EMKA-Verbrauchermarkt'),
(130, 'Asklepios-Kinderklinik'),
(131, 'EMKA-Verbrauchermarkt'),
(132, 'EMKA-Verbrauchermarkt'),
(133, 'EMKA-Verbrauchermarkt'),
(134, 'Asklepios-Kinderklinik'),
(135, 'EMKA-Verbrauchermarkt'),
(136, 'Asklepios-Kinderklinik'),
(137, 'Asklepios-Kinderklinik'),
(138, 'EMKA-Verbrauchermarkt'),
(139, 'EMKA-Verbrauchermarkt'),
(140, 'WorldCCBonn'),
(141, 'Asklepios-Kinderklinik'),
(142, 'EMKA-Verbrauchermarkt'),
(143, 'WorldCCBonn'),
(144, 'WorldCCBonn'),
(145, 'EMKA-Verbrauchermarkt'),
(146, 'EMKA-Verbrauchermarkt'),
(147, 'Asklepios-Kinderklinik'),
(148, 'Asklepios-Kinderklinik'),
(149, 'EMKA-Verbrauchermarkt'),
(150, 'Asklepios-Kinderklinik'),
(151, 'Asklepios-Kinderklinik'),
(152, 'EMKA-Verbrauchermarkt'),
(153, 'EMKA-Verbrauchermarkt'),
(154, 'WorldCCBonn'),
(155, 'WorldCCBonn'),
(156, 'WorldCCBonn'),
(157, 'EMKA-Verbrauchermarkt'),
(158, 'Asklepios-Kinderklinik'),
(159, 'Asklepios-Kinderklinik'),
(160, 'Asklepios-Kinderklinik'),
(161, 'WorldCCBonn'),
(162, 'Asklepios-Kinderklinik'),
(163, 'EMKA-Verbrauchermarkt'),
(164, 'Asklepios-Kinderklinik'),
(165, 'EMKA-Verbrauchermarkt'),
(166, 'WorldCCBonn'),
(167, 'WorldCCBonn'),
(168, 'Asklepios-Kinderklinik'),
(169, 'EMKA-Verbrauchermarkt'),
(170, 'WorldCCBonn'),
(171, 'WorldCCBonn'),
(172, 'EMKA-Verbrauchermarkt'),
(173, 'Asklepios-Kinderklinik'),
(174, 'Asklepios-Kinderklinik'),
(175, 'WorldCCBonn'),
(176, 'EMKA-Verbrauchermarkt'),
(177, 'EMKA-Verbrauchermarkt'),
(178, 'Asklepios-Kinderklinik'),
(179, 'Asklepios-Kinderklinik'),
(180, 'EMKA-Verbrauchermarkt'),
(181, 'EMKA-Verbrauchermarkt'),
(182, 'Asklepios-Kinderklinik'),
(183, 'WorldCCBonn'),
(184, 'EMKA-Verbrauchermarkt'),
(185, 'EMKA-Verbrauchermarkt'),
(186, 'EMKA-Verbrauchermarkt'),
(187, 'EMKA-Verbrauchermarkt'),
(188, 'Asklepios-Kinderklinik'),
(189, 'WorldCCBonn'),
(190, 'WorldCCBonn'),
(191, 'WorldCCBonn'),
(192, 'WorldCCBonn'),
(193, 'WorldCCBonn'),
(194, 'Asklepios-Kinderklinik'),
(195, 'EMKA-Verbrauchermarkt'),
(196, 'WorldCCBonn'),
(197, 'WorldCCBonn'),
(198, 'WorldCCBonn'),
(199, 'Asklepios-Kinderklinik'),
(200, 'Asklepios-Kinderklinik'),
(201, 'EMKA-Verbrauchermarkt'),
(202, 'Asklepios-Kinderklinik'),
(203, 'Asklepios-Kinderklinik'),
(204, 'WorldCCBonn'),
(205, 'EMKA-Verbrauchermarkt'),
(206, 'EMKA-Verbrauchermarkt'),
(207, 'WorldCCBonn'),
(208, 'Asklepios-Kinderklinik'),
(209, 'EMKA-Verbrauchermarkt'),
(210, 'Asklepios-Kinderklinik'),
(211, 'EMKA-Verbrauchermarkt'),
(212, 'WorldCCBonn'),
(213, 'WorldCCBonn'),
(214, 'Asklepios-Kinderklinik'),
(215, 'WorldCCBonn'),
(216, 'Asklepios-Kinderklinik'),
(217, 'WorldCCBonn'),
(218, 'Asklepios-Kinderklinik'),
(219, 'Asklepios-Kinderklinik'),
(220, 'WorldCCBonn'),
(221, 'Asklepios-Kinderklinik'),
(222, 'WorldCCBonn'),
(223, 'EMKA-Verbrauchermarkt'),
(224, 'EMKA-Verbrauchermarkt'),
(225, 'WorldCCBonn'),
(226, 'Asklepios-Kinderklinik'),
(227, 'WorldCCBonn'),
(228, 'EMKA-Verbrauchermarkt'),
(229, 'Asklepios-Kinderklinik'),
(230, 'EMKA-Verbrauchermarkt'),
(231, 'WorldCCBonn'),
(232, 'Asklepios-Kinderklinik'),
(233, 'WorldCCBonn'),
(234, 'WorldCCBonn'),
(235, 'EMKA-Verbrauchermarkt'),
(236, 'Asklepios-Kinderklinik'),
(237, 'WorldCCBonn'),
(238, 'Asklepios-Kinderklinik'),
(239, 'WorldCCBonn'),
(240, 'WorldCCBonn'),
(241, 'Asklepios-Kinderklinik'),
(242, 'WorldCCBonn'),
(243, 'EMKA-Verbrauchermarkt'),
(244, 'WorldCCBonn'),
(245, 'WorldCCBonn'),
(246, 'EMKA-Verbrauchermarkt'),
(247, 'EMKA-Verbrauchermarkt'),
(248, 'EMKA-Verbrauchermarkt'),
(249, 'EMKA-Verbrauchermarkt'),
(250, 'Asklepios-Kinderklinik'),
(251, 'Asklepios-Kinderklinik'),
(252, 'EMKA-Verbrauchermarkt'),
(253, 'WorldCCBonn'),
(254, 'WorldCCBonn'),
(255, 'WorldCCBonn'),
(256, 'EMKA-Verbrauchermarkt'),
(257, 'EMKA-Verbrauchermarkt'),
(258, 'WorldCCBonn'),
(259, 'WorldCCBonn'),
(260, 'Asklepios-Kinderklinik'),
(261, 'WorldCCBonn'),
(262, 'WorldCCBonn'),
(263, 'EMKA-Verbrauchermarkt'),
(264, 'WorldCCBonn'),
(265, 'Asklepios-Kinderklinik'),
(266, 'EMKA-Verbrauchermarkt'),
(267, 'EMKA-Verbrauchermarkt'),
(268, 'Asklepios-Kinderklinik'),
(269, 'EMKA-Verbrauchermarkt'),
(270, 'WorldCCBonn'),
(271, 'EMKA-Verbrauchermarkt'),
(272, 'Asklepios-Kinderklinik'),
(273, 'WorldCCBonn'),
(274, 'Asklepios-Kinderklinik'),
(275, 'EMKA-Verbrauchermarkt'),
(276, 'Asklepios-Kinderklinik'),
(277, 'EMKA-Verbrauchermarkt'),
(278, 'EMKA-Verbrauchermarkt'),
(279, 'EMKA-Verbrauchermarkt'),
(280, 'WorldCCBonn'),
(281, 'WorldCCBonn'),
(282, 'EMKA-Verbrauchermarkt'),
(283, 'EMKA-Verbrauchermarkt'),
(284, 'EMKA-Verbrauchermarkt'),
(285, 'Asklepios-Kinderklinik'),
(286, 'Asklepios-Kinderklinik'),
(287, 'WorldCCBonn'),
(288, 'WorldCCBonn');

--
-- Daten für Tabelle `beliefern`
--

INSERT INTO `beliefern` (`id`, `impfstoff_name`, `zentrum_bezeichnung`, `datum`, `preis`, `menge`) VALUES
(1, 'mRNA-1273', 'WorldCCBonn', '19.01.2021', 175, 25),
(2, 'mRNA-1273', 'WorldCCBonn', '28.12.2020', 224, 32),
(3, 'BNT162b2', 'WorldCCBonn', '08.01.2021', 247, 19),
(4, 'BNT162b2', 'WorldCCBonn', '21.12.2020', 611, 47),
(5, 'mRNA-1273', 'WorldCCBonn', '13.01.2021', 161, 23),
(6, 'mRNA-1273', 'WorldCCBonn', '19.01.2021', 231, 33),
(7, 'BNT162b2', 'Asklepios-Kinderklinik', '25.12.2020', 416, 32),
(8, 'BNT162b2', 'EMKA-Verbrauchermarkt', '05.01.2021', 897, 69),
(9, 'BNT162b2', 'Asklepios-Kinderklinik', '17.01.2021', 923, 71),
(10, 'BNT162b2', 'Asklepios-Kinderklinik', '15.01.2021', 195, 15),
(11, 'mRNA-1273', 'Asklepios-Kinderklinik', '07.01.2021', 406, 58),
(12, 'BNT162b2', 'EMKA-Verbrauchermarkt', '11.01.2021', 221, 17),
(13, 'BNT162b2', 'Asklepios-Kinderklinik', '19.01.2021', 806, 62),
(14, 'mRNA-1273', 'WorldCCBonn', '14.01.2021', 350, 50),
(15, 'BNT162b2', 'Asklepios-Kinderklinik', '12.01.2021', 650, 50),
(16, 'mRNA-1273', 'Asklepios-Kinderklinik', '27.12.2020', 175, 25),
(17, 'mRNA-1273', 'WorldCCBonn', '06.01.2021', 196, 28),
(18, 'BNT162b2', 'WorldCCBonn', '23.12.2020', 520, 40),
(19, 'mRNA-1273', 'EMKA-Verbrauchermarkt', '29.12.2020', 350, 50),
(20, 'BNT162b2', 'Asklepios-Kinderklinik', '11.01.2021', 754, 58),
(21, 'BNT162b2', 'Asklepios-Kinderklinik', '23.12.2020', 234, 18),
(22, 'BNT162b2', 'Asklepios-Kinderklinik', '20.12.2020', 611, 47),
(23, 'BNT162b2', 'Asklepios-Kinderklinik', '24.12.2020', 312, 24),
(24, 'BNT162b2', 'WorldCCBonn', '13.01.2021', 767, 59),
(25, 'mRNA-1273', 'EMKA-Verbrauchermarkt', '17.01.2021', 266, 38),
(26, 'mRNA-1273', 'EMKA-Verbrauchermarkt', '04.01.2021', 455, 65),
(27, 'BNT162b2', 'Asklepios-Kinderklinik', '01.01.2021', 611, 47),
(28, 'BNT162b2', 'Asklepios-Kinderklinik', '04.01.2021', 637, 49),
(29, 'BNT162b2', 'WorldCCBonn', '11.01.2021', 429, 33),
(30, 'BNT162b2', 'Asklepios-Kinderklinik', '17.01.2021', 247, 19),
(31, 'BNT162b2', 'EMKA-Verbrauchermarkt', '21.12.2020', 299, 23),
(32, 'mRNA-1273', 'EMKA-Verbrauchermarkt', '13.01.2021', 154, 22),
(33, 'BNT162b2', 'Asklepios-Kinderklinik', '17.01.2021', 325, 25),
(34, 'BNT162b2', 'EMKA-Verbrauchermarkt', '14.01.2021', 923, 71),
(35, 'mRNA-1273', 'Asklepios-Kinderklinik', '23.12.2020', 161, 23),
(36, 'mRNA-1273', 'Asklepios-Kinderklinik', '14.01.2021', 210, 30),
(37, 'mRNA-1273', 'EMKA-Verbrauchermarkt', '31.12.2020', 182, 26),
(38, 'BNT162b2', 'WorldCCBonn', '28.12.2020', 585, 45),
(39, 'BNT162b2', 'WorldCCBonn', '14.01.2021', 624, 48),
(40, 'BNT162b2', 'WorldCCBonn', '06.01.2021', 728, 56),
(41, 'mRNA-1273', 'Asklepios-Kinderklinik', '30.12.2020', 448, 64),
(42, 'BNT162b2', 'WorldCCBonn', '20.12.2020', 429, 33),
(43, 'BNT162b2', 'EMKA-Verbrauchermarkt', '01.01.2021', 156, 12),
(44, 'mRNA-1273', 'EMKA-Verbrauchermarkt', '14.01.2021', 546, 78),
(45, 'mRNA-1273', 'Asklepios-Kinderklinik', '02.01.2021', 224, 32),
(46, 'mRNA-1273', 'EMKA-Verbrauchermarkt', '13.01.2021', 84, 12),
(47, 'BNT162b2', 'WorldCCBonn', '21.12.2020', 481, 37),
(48, 'mRNA-1273', 'Asklepios-Kinderklinik', '25.12.2020', 392, 56),
(49, 'BNT162b2', 'WorldCCBonn', '26.12.2020', 494, 38),
(50, 'BNT162b2', 'WorldCCBonn', '22.12.2020', 806, 62),
(51, 'mRNA-1273', 'EMKA-Verbrauchermarkt', '28.12.2020', 553, 79),
(52, 'mRNA-1273', 'WorldCCBonn', '02.01.2021', 182, 26),
(53, 'BNT162b2', 'WorldCCBonn', '02.01.2021', 975, 75),
(54, 'BNT162b2', 'Asklepios-Kinderklinik', '08.01.2021', 923, 71),
(55, 'mRNA-1273', 'WorldCCBonn', '19.01.2021', 483, 69),
(56, 'BNT162b2', 'Asklepios-Kinderklinik', '13.01.2021', 728, 56),
(57, 'mRNA-1273', 'Asklepios-Kinderklinik', '12.01.2021', 91, 13),
(58, 'BNT162b2', 'EMKA-Verbrauchermarkt', '21.12.2020', 754, 58),
(59, 'BNT162b2', 'EMKA-Verbrauchermarkt', '21.12.2020', 351, 27),
(60, 'BNT162b2', 'WorldCCBonn', '08.01.2021', 572, 44),
(61, 'BNT162b2', 'WorldCCBonn', '24.12.2020', 702, 54),
(62, 'BNT162b2', 'EMKA-Verbrauchermarkt', '03.01.2021', 728, 56),
(63, 'mRNA-1273', 'WorldCCBonn', '28.12.2020', 91, 13),
(64, 'BNT162b2', 'EMKA-Verbrauchermarkt', '21.12.2020', 143, 11),
(65, 'BNT162b2', 'Asklepios-Kinderklinik', '06.01.2021', 442, 34),
(66, 'mRNA-1273', 'EMKA-Verbrauchermarkt', '05.01.2021', 91, 13),
(67, 'BNT162b2', 'EMKA-Verbrauchermarkt', '28.12.2020', 143, 11),
(68, 'mRNA-1273', 'Asklepios-Kinderklinik', '28.12.2020', 133, 19),
(69, 'BNT162b2', 'WorldCCBonn', '19.01.2021', 182, 14),
(70, 'BNT162b2', 'WorldCCBonn', '29.12.2020', 936, 72),
(71, 'BNT162b2', 'Asklepios-Kinderklinik', '15.01.2021', 884, 68),
(72, 'BNT162b2', 'WorldCCBonn', '01.01.2021', 949, 73),
(73, 'BNT162b2', 'WorldCCBonn', '13.01.2021', 1001, 77),
(74, 'mRNA-1273', 'WorldCCBonn', '31.12.2020', 476, 68),
(75, 'mRNA-1273', 'EMKA-Verbrauchermarkt', '17.01.2021', 315, 45),
(76, 'BNT162b2', 'EMKA-Verbrauchermarkt', '04.01.2021', 533, 41),
(77, 'mRNA-1273', 'Asklepios-Kinderklinik', '23.12.2020', 98, 14),
(78, 'BNT162b2', 'WorldCCBonn', '10.01.2021', 715, 55),
(79, 'BNT162b2', 'WorldCCBonn', '22.12.2020', 598, 46),
(80, 'BNT162b2', 'WorldCCBonn', '13.01.2021', 546, 42),
(81, 'BNT162b2', 'Asklepios-Kinderklinik', '30.12.2020', 520, 40),
(82, 'BNT162b2', 'EMKA-Verbrauchermarkt', '19.01.2021', 559, 43),
(83, 'BNT162b2', 'Asklepios-Kinderklinik', '19.01.2021', 884, 68),
(84, 'BNT162b2', 'Asklepios-Kinderklinik', '19.01.2021', 611, 47),
(85, 'mRNA-1273', 'Asklepios-Kinderklinik', '26.12.2020', 210, 30),
(86, 'BNT162b2', 'WorldCCBonn', '03.01.2021', 819, 63),
(87, 'BNT162b2', 'WorldCCBonn', '27.12.2020', 182, 14),
(88, 'mRNA-1273', 'Asklepios-Kinderklinik', '24.12.2020', 455, 65),
(89, 'mRNA-1273', 'WorldCCBonn', '03.01.2021', 294, 42),
(90, 'BNT162b2', 'WorldCCBonn', '09.01.2021', 624, 48);

--
-- Daten für Tabelle `fachkraft`
--

INSERT INTO `fachkraft` (`id`, `honorar`, `profession`) VALUES
(1, 15, 'Oberärztin'),
(2, 15, 'Oberärztin'),
(3, 12, 'Ärztin'),
(4, 16, 'Leitung des Gesundheitsamtes'),
(5, 12, 'Arzt'),
(6, 8, 'Studentische Hilfskraft'),
(7, 15, 'Oberarzt'),
(8, 4, 'Hausmeister'),
(9, 12, 'Ärztin'),
(10, 12, 'Arzt'),
(11, 4, 'Hausmeisterin'),
(12, 15, 'Oberarzt'),
(13, 12, 'Arzt'),
(14, 16, 'Leitung des Gesundheitsamtes'),
(15, 12, 'Arzt'),
(16, 15, 'Oberarzt'),
(17, 4, 'Hausmeister'),
(18, 8, 'Studentische Hilfskraft'),
(19, 4, 'Hausmeisterin'),
(20, 15, 'Oberärztin'),
(21, 15, 'Oberarzt'),
(22, 4, 'Hausmeisterin'),
(23, 8, 'Studentische Hilfskraft'),
(24, 8, 'Studentische Hilfskraft'),
(25, 15, 'Oberärztin'),
(26, 4, 'Hausmeister'),
(27, 15, 'Oberärztin'),
(28, 4, 'Hausmeisterin'),
(29, 15, 'Oberarzt'),
(30, 4, 'Hausmeister'),
(31, 12, 'Ärztin'),
(32, 4, 'Hausmeisterin'),
(33, 4, 'Hausmeister'),
(34, 4, 'Hausmeisterin'),
(35, 8, 'Studentische Hilfskraft'),
(36, 15, 'Oberärztin'),
(37, 12, 'Ärztin'),
(38, 15, 'Oberarzt'),
(39, 4, 'Hausmeisterin'),
(40, 12, 'Ärztin'),
(41, 12, 'Ärztin'),
(42, 12, 'Arzt'),
(43, 12, 'Ärztin'),
(44, 15, 'Oberärztin'),
(45, 15, 'Oberärztin'),
(46, 12, 'Ärztin'),
(47, 4, 'Hausmeisterin'),
(48, 16, 'Leitung des Gesundheitsamtes'),
(49, 4, 'Hausmeisterin'),
(50, 4, 'Hausmeisterin'),
(51, 4, 'Hausmeister'),
(52, 12, 'Ärztin'),
(53, 4, 'Hausmeister'),
(54, 4, 'Hausmeister'),
(55, 16, 'Leitung des Gesundheitsamtes'),
(56, 16, 'Leitung des Gesundheitsamtes'),
(57, 16, 'Leitung des Gesundheitsamtes'),
(58, 15, 'Oberärztin'),
(59, 4, 'Hausmeister'),
(60, 15, 'Oberärztin'),
(61, 15, 'Oberarzt'),
(62, 4, 'Hausmeisterin'),
(63, 15, 'Oberärztin'),
(64, 12, 'Arzt'),
(65, 15, 'Oberärztin'),
(66, 12, 'Arzt'),
(67, 16, 'Leitung des Gesundheitsamtes'),
(68, 12, 'Ärztin'),
(69, 12, 'Arzt'),
(70, 16, 'Leitung des Gesundheitsamtes'),
(71, 8, 'Studentische Hilfskraft'),
(72, 15, 'Oberärztin'),
(73, 12, 'Arzt'),
(74, 15, 'Oberarzt'),
(75, 8, 'Studentische Hilfskraft'),
(76, 15, 'Oberärztin'),
(77, 4, 'Hausmeister'),
(78, 15, 'Oberarzt'),
(79, 15, 'Oberärztin'),
(80, 8, 'Studentische Hilfskraft'),
(81, 15, 'Oberarzt'),
(82, 8, 'Studentische Hilfskraft'),
(83, 15, 'Oberärztin'),
(84, 4, 'Hausmeister'),
(85, 16, 'Leitung des Gesundheitsamtes'),
(86, 15, 'Oberarzt'),
(87, 15, 'Oberärztin'),
(88, 15, 'Oberärztin'),
(89, 15, 'Oberärztin'),
(90, 12, 'Ärztin'),
(91, 16, 'Leitung des Gesundheitsamtes'),
(92, 8, 'Studentische Hilfskraft'),
(93, 15, 'Oberärztin'),
(94, 12, 'Arzt'),
(95, 15, 'Oberarzt'),
(96, 8, 'Studentische Hilfskraft'),
(97, 12, 'Ärztin'),
(98, 4, 'Hausmeisterin'),
(99, 16, 'Leitung des Gesundheitsamtes'),
(100, 12, 'Arzt'),
(101, 16, 'Leitung des Gesundheitsamtes'),
(102, 15, 'Oberärztin'),
(103, 15, 'Oberärztin'),
(104, 12, 'Ärztin'),
(105, 4, 'Hausmeister'),
(106, 12, 'Arzt'),
(107, 12, 'Arzt'),
(108, 16, 'Leitung des Gesundheitsamtes'),
(109, 15, 'Oberarzt'),
(110, 4, 'Hausmeisterin'),
(111, 16, 'Leitung des Gesundheitsamtes'),
(112, 4, 'Hausmeister'),
(113, 4, 'Hausmeisterin'),
(114, 12, 'Ärztin'),
(115, 4, 'Hausmeister'),
(116, 12, 'Ärztin'),
(117, 12, 'Ärztin'),
(118, 12, 'Ärztin'),
(119, 12, 'Arzt'),
(120, 12, 'Ärztin'),
(121, 4, 'Hausmeisterin'),
(122, 12, 'Arzt'),
(123, 4, 'Hausmeister'),
(124, 12, 'Arzt'),
(125, 4, 'Hausmeisterin'),
(126, 15, 'Oberärztin'),
(127, 8, 'Studentische Hilfskraft'),
(128, 4, 'Hausmeisterin'),
(129, 12, 'Arzt'),
(130, 12, 'Ärztin'),
(131, 4, 'Hausmeisterin'),
(132, 15, 'Oberärztin'),
(133, 12, 'Arzt'),
(134, 4, 'Hausmeister'),
(135, 12, 'Ärztin'),
(136, 16, 'Leitung des Gesundheitsamtes'),
(137, 15, 'Oberarzt'),
(138, 4, 'Hausmeisterin'),
(139, 4, 'Hausmeister'),
(140, 15, 'Oberärztin'),
(141, 16, 'Leitung des Gesundheitsamtes'),
(142, 16, 'Leitung des Gesundheitsamtes'),
(143, 15, 'Oberärztin'),
(144, 16, 'Leitung des Gesundheitsamtes'),
(145, 16, 'Leitung des Gesundheitsamtes'),
(146, 8, 'Studentische Hilfskraft'),
(147, 12, 'Ärztin'),
(148, 12, 'Ärztin'),
(149, 4, 'Hausmeister'),
(150, 12, 'Ärztin'),
(151, 12, 'Arzt'),
(152, 16, 'Leitung des Gesundheitsamtes'),
(153, 16, 'Leitung des Gesundheitsamtes'),
(154, 15, 'Oberarzt'),
(155, 15, 'Oberarzt'),
(156, 15, 'Oberärztin'),
(157, 8, 'Studentische Hilfskraft'),
(158, 15, 'Oberarzt'),
(159, 15, 'Oberärztin'),
(160, 16, 'Leitung des Gesundheitsamtes'),
(161, 4, 'Hausmeister'),
(162, 12, 'Ärztin'),
(163, 8, 'Studentische Hilfskraft'),
(164, 4, 'Hausmeister'),
(165, 15, 'Oberarzt'),
(166, 12, 'Ärztin'),
(167, 4, 'Hausmeister'),
(168, 12, 'Arzt'),
(169, 12, 'Ärztin'),
(170, 15, 'Oberarzt'),
(171, 12, 'Ärztin'),
(172, 12, 'Ärztin'),
(173, 8, 'Studentische Hilfskraft'),
(174, 8, 'Studentische Hilfskraft'),
(175, 8, 'Studentische Hilfskraft'),
(176, 16, 'Leitung des Gesundheitsamtes'),
(177, 16, 'Leitung des Gesundheitsamtes'),
(178, 4, 'Hausmeisterin'),
(179, 4, 'Hausmeister'),
(180, 4, 'Hausmeisterin'),
(181, 4, 'Hausmeisterin'),
(182, 8, 'Studentische Hilfskraft'),
(183, 15, 'Oberarzt'),
(184, 4, 'Hausmeisterin'),
(185, 4, 'Hausmeister'),
(186, 16, 'Leitung des Gesundheitsamtes'),
(187, 4, 'Hausmeisterin'),
(188, 15, 'Oberarzt'),
(189, 4, 'Hausmeister'),
(190, 8, 'Studentische Hilfskraft'),
(191, 15, 'Oberärztin'),
(192, 12, 'Arzt'),
(193, 8, 'Studentische Hilfskraft'),
(194, 8, 'Studentische Hilfskraft'),
(195, 8, 'Studentische Hilfskraft'),
(196, 4, 'Hausmeister'),
(197, 16, 'Leitung des Gesundheitsamtes'),
(198, 12, 'Ärztin'),
(199, 16, 'Leitung des Gesundheitsamtes'),
(200, 15, 'Oberarzt'),
(201, 8, 'Studentische Hilfskraft'),
(202, 12, 'Ärztin'),
(203, 4, 'Hausmeisterin'),
(204, 12, 'Ärztin'),
(205, 15, 'Oberarzt'),
(206, 12, 'Ärztin'),
(207, 12, 'Ärztin'),
(208, 15, 'Oberärztin'),
(209, 12, 'Ärztin'),
(210, 4, 'Hausmeister'),
(211, 15, 'Oberärztin'),
(212, 15, 'Oberärztin'),
(213, 16, 'Leitung des Gesundheitsamtes'),
(214, 15, 'Oberarzt'),
(215, 12, 'Ärztin'),
(216, 4, 'Hausmeister'),
(217, 8, 'Studentische Hilfskraft'),
(218, 12, 'Ärztin'),
(219, 8, 'Studentische Hilfskraft'),
(220, 16, 'Leitung des Gesundheitsamtes'),
(221, 4, 'Hausmeisterin'),
(222, 16, 'Leitung des Gesundheitsamtes'),
(223, 12, 'Ärztin'),
(224, 12, 'Arzt'),
(225, 4, 'Hausmeister'),
(226, 4, 'Hausmeisterin'),
(227, 12, 'Ärztin'),
(228, 12, 'Arzt'),
(229, 4, 'Hausmeister'),
(230, 15, 'Oberärztin'),
(231, 15, 'Oberarzt'),
(232, 12, 'Ärztin'),
(233, 8, 'Studentische Hilfskraft'),
(234, 12, 'Arzt'),
(235, 12, 'Ärztin'),
(236, 8, 'Studentische Hilfskraft'),
(237, 15, 'Oberarzt'),
(238, 15, 'Oberarzt'),
(239, 15, 'Oberarzt'),
(240, 4, 'Hausmeister'),
(241, 12, 'Ärztin'),
(242, 12, 'Arzt'),
(243, 4, 'Hausmeister'),
(244, 12, 'Ärztin'),
(245, 12, 'Arzt'),
(246, 15, 'Oberärztin'),
(247, 16, 'Leitung des Gesundheitsamtes'),
(248, 15, 'Oberärztin'),
(249, 8, 'Studentische Hilfskraft'),
(250, 4, 'Hausmeister'),
(251, 16, 'Leitung des Gesundheitsamtes'),
(252, 12, 'Arzt'),
(253, 16, 'Leitung des Gesundheitsamtes'),
(254, 4, 'Hausmeister'),
(255, 4, 'Hausmeister'),
(256, 15, 'Oberärztin'),
(257, 12, 'Arzt'),
(258, 8, 'Studentische Hilfskraft'),
(259, 12, 'Arzt'),
(260, 8, 'Studentische Hilfskraft'),
(261, 8, 'Studentische Hilfskraft'),
(262, 15, 'Oberärztin'),
(263, 15, 'Oberarzt'),
(264, 4, 'Hausmeister'),
(265, 15, 'Oberärztin'),
(266, 4, 'Hausmeister'),
(267, 4, 'Hausmeisterin'),
(268, 15, 'Oberärztin'),
(269, 4, 'Hausmeisterin'),
(270, 8, 'Studentische Hilfskraft'),
(271, 4, 'Hausmeister'),
(272, 15, 'Oberärztin'),
(273, 4, 'Hausmeisterin'),
(274, 4, 'Hausmeister'),
(275, 8, 'Studentische Hilfskraft'),
(276, 4, 'Hausmeister'),
(277, 12, 'Arzt'),
(278, 4, 'Hausmeisterin'),
(279, 15, 'Oberarzt'),
(280, 4, 'Hausmeister'),
(281, 12, 'Arzt'),
(282, 12, 'Ärztin'),
(283, 12, 'Ärztin'),
(284, 15, 'Oberärztin'),
(285, 4, 'Hausmeisterin'),
(286, 12, 'Arzt'),
(287, 8, 'Studentische Hilfskraft'),
(288, 12, 'Ärztin');

--
-- Daten für Tabelle `firma`
--

INSERT INTO `firma` (`name`, `strasse`, `nr`, `plz`, `ort`, `land`) VALUES
('AstraZeneca', 'Tinsdaler Weg', '183', '22880', 'Wedel', 'Deutschland'),
('Biontech / Pfizer', 'An der Goldgrube ', '12', '55131\r\n', 'Mainz', 'Deutschland'),
('CureVac', 'Friedrich-Miescher-Str', '15', '72076', 'Tübingen', 'Deutschland'),
('Moderna', 'One Upland Rd', '', 'MA 02062', 'Norwood', 'USA');

--
-- Daten für Tabelle `impfstoff`
--

INSERT INTO `impfstoff` (`firma_name`, `name`, `erstzulassung`, `wirkungsgrad`) VALUES
('Biontech / Pfizer', 'BNT162b2', '12/2020', 0.95),
('AstraZeneca', 'ChAdOx1 nCoV-19', '', 0),
('CureVac', 'CVnCoV', '', 0),
('Moderna', 'mRNA-1273', '01/2021', 0.7);

--
-- Daten für Tabelle `impfzentrum`
--

INSERT INTO `impfzentrum` (`bezeichnung`, `strasse`, `nr`, `ort`, `plz`, `kapazitaet`) VALUES
('Asklepios-Kinderklinik', 'Arnold-Janssen-Straße', '29', 'Sankt Augustin', '53757', 1500),
('EMKA-Verbrauchermarkt', 'Rosental', '1', 'Bornheim', '53332', 1000),
('WorldCCBonn', 'Platz der Vereinten Nationen', '2', 'Bonn', '53113', 2500);

--
-- Daten für Tabelle `kunde`
--

INSERT INTO `kunde` (`zentrum_bezeichnung`, `id`, `impfprioritaet`, `alter`) VALUES
('Asklepios-Kinderklinik', 1, 9, 81),
('Asklepios-Kinderklinik', 2, 10, 90),
('Asklepios-Kinderklinik', 3, 5, 45),
('Asklepios-Kinderklinik', 4, 10, 90),
('Asklepios-Kinderklinik', 5, 2, 18),
('Asklepios-Kinderklinik', 6, 9, 81),
('Asklepios-Kinderklinik', 7, 1, 9),
('Asklepios-Kinderklinik', 8, 2, 18),
('Asklepios-Kinderklinik', 9, 2, 18),
('Asklepios-Kinderklinik', 10, 6, 54),
('Asklepios-Kinderklinik', 11, 6, 54),
('Asklepios-Kinderklinik', 12, 7, 63),
('Asklepios-Kinderklinik', 13, 4, 36),
('Asklepios-Kinderklinik', 14, 9, 81),
('Asklepios-Kinderklinik', 15, 5, 45),
('Asklepios-Kinderklinik', 16, 1, 9),
('Asklepios-Kinderklinik', 17, 6, 54),
('Asklepios-Kinderklinik', 18, 10, 90),
('Asklepios-Kinderklinik', 19, 6, 54),
('Asklepios-Kinderklinik', 20, 8, 72),
('Asklepios-Kinderklinik', 21, 2, 18),
('Asklepios-Kinderklinik', 22, 7, 63),
('Asklepios-Kinderklinik', 23, 9, 81),
('Asklepios-Kinderklinik', 24, 3, 27),
('Asklepios-Kinderklinik', 25, 3, 27),
('Asklepios-Kinderklinik', 26, 4, 36),
('EMKA-Verbrauchermarkt', 27, 2, 18),
('EMKA-Verbrauchermarkt', 28, 8, 72),
('EMKA-Verbrauchermarkt', 29, 4, 36),
('EMKA-Verbrauchermarkt', 30, 10, 90),
('EMKA-Verbrauchermarkt', 31, 7, 63),
('EMKA-Verbrauchermarkt', 32, 5, 45),
('EMKA-Verbrauchermarkt', 33, 3, 27),
('EMKA-Verbrauchermarkt', 34, 10, 90),
('EMKA-Verbrauchermarkt', 35, 6, 54),
('EMKA-Verbrauchermarkt', 36, 8, 72),
('EMKA-Verbrauchermarkt', 37, 2, 18),
('EMKA-Verbrauchermarkt', 38, 3, 27),
('EMKA-Verbrauchermarkt', 39, 8, 72),
('EMKA-Verbrauchermarkt', 40, 3, 27),
('EMKA-Verbrauchermarkt', 41, 3, 27),
('EMKA-Verbrauchermarkt', 42, 3, 27),
('EMKA-Verbrauchermarkt', 43, 2, 18),
('EMKA-Verbrauchermarkt', 44, 4, 36),
('EMKA-Verbrauchermarkt', 45, 9, 81),
('EMKA-Verbrauchermarkt', 46, 7, 63),
('EMKA-Verbrauchermarkt', 47, 3, 27),
('EMKA-Verbrauchermarkt', 48, 1, 9),
('EMKA-Verbrauchermarkt', 49, 2, 18),
('WorldCCBonn', 50, 1, 9),
('WorldCCBonn', 51, 9, 81),
('WorldCCBonn', 52, 9, 81),
('WorldCCBonn', 53, 7, 63),
('WorldCCBonn', 54, 4, 36),
('WorldCCBonn', 55, 8, 72),
('WorldCCBonn', 56, 3, 27),
('WorldCCBonn', 57, 5, 45),
('WorldCCBonn', 58, 7, 63),
('WorldCCBonn', 59, 2, 18),
('WorldCCBonn', 60, 7, 63),
('WorldCCBonn', 61, 10, 90),
('WorldCCBonn', 62, 4, 36),
('WorldCCBonn', 63, 1, 9),
('WorldCCBonn', 64, 9, 81),
('WorldCCBonn', 65, 7, 63),
('WorldCCBonn', 66, 8, 72),
('WorldCCBonn', 67, 9, 81),
('WorldCCBonn', 68, 5, 45),
('WorldCCBonn', 69, 5, 45),
('WorldCCBonn', 70, 9, 81),
('WorldCCBonn', 71, 10, 90),
('WorldCCBonn', 72, 3, 27),
('WorldCCBonn', 73, 3, 27),
('WorldCCBonn', 74, 4, 36),
('WorldCCBonn', 75, 8, 72),
('WorldCCBonn', 76, 10, 90),
('WorldCCBonn', 77, 8, 72),
('WorldCCBonn', 78, 8, 72),
('WorldCCBonn', 79, 2, 18),
('WorldCCBonn', 80, 8, 72),
('WorldCCBonn', 81, 5, 45),
('WorldCCBonn', 82, 7, 63),
('WorldCCBonn', 83, 2, 18),
('WorldCCBonn', 84, 1, 9),
('WorldCCBonn', 85, 5, 45),
('WorldCCBonn', 86, 7, 63),
('WorldCCBonn', 87, 5, 45),
('WorldCCBonn', 88, 3, 27),
('WorldCCBonn', 89, 6, 54),
('WorldCCBonn', 90, 1, 9);
COMMIT;

/*!40101 SET CHARACTER_SET_CLIENT=@OLD_CHARACTER_SET_CLIENT */;
/*!40101 SET CHARACTER_SET_RESULTS=@OLD_CHARACTER_SET_RESULTS */;
/*!40101 SET COLLATION_CONNECTION=@OLD_COLLATION_CONNECTION */;
